{
  "metrics/precision(B)": 0.9838289386801481,
  "metrics/recall(B)": 0.9920634920634921,
  "metrics/mAP50(B)": 0.9946825196850393,
  "metrics/mAP50-95(B)": 0.778401300404825,
  "fitness": 0.778401300404825
}